date,股票代码,open,close,high,low,volume,amount,振幅,涨跌幅,涨跌额,换手率
2026-09-30,000700,12.1,12.28,12.65,11.63,699821,859565120.77,8.44,1.57,0.19,7.62
2026-09-29,000700,12.0,12.25,12.47,11.7,572467,699509018.24,6.36,1.24,0.15,6.24
2026-09-28,000700,12.48,12.1,12.5,11.94,528846,644580039.91,4.49,-2.97,-0.37,5.76
2026-09-24,000700,12.13,12.47,12.62,11.97,696942,863633444.65,5.39,3.4,0.41,7.59
2026-09-23,000700,12.32,12.06,12.32,11.94,247644,298531230.37,3.12,-0.9,-0.11,2.7
2026-09-22,000700,12.49,12.17,12.63,12.09,377843,464229088.98,4.35,-1.85,-0.23,4.12
2026-09-21,000700,11.92,12.4,12.64,11.91,610863,759811728.54,6.13,4.11,0.49,6.65
2026-09-18,000700,11.95,11.91,12.07,11.66,628309,746269439.23,3.45,0.17,0.02,6.84
2026-09-17,000700,11.04,11.89,12.24,11.04,1022964,1214700363.29,10.78,6.83,0.76,11.14
2026-09-16,000700,10.99,11.13,11.25,10.8,246666,272454942.3,4.08,1.0,0.11,2.69
2026-09-15,000700,11.49,11.02,11.54,10.99,345289,384105956.89,4.74,-5.0,-0.58,3.76
2026-09-14,000700,11.14,11.6,11.88,10.99,394764,457350367.14,7.93,3.39,0.38,4.3
2026-09-11,000700,11.6,11.22,11.62,10.85,391315,436878407.11,6.58,-4.18,-0.49,4.26
2026-09-10,000700,12.04,11.71,12.1,11.6,350278,413829807.81,4.11,-3.7,-0.45,3.82
2026-09-09,000700,11.97,12.16,12.62,11.97,450742,553043819.9,5.46,2.1,0.25,4.91
2026-09-08,000700,11.82,11.91,12.26,11.55,627667,749384287.9,6.07,1.79,0.21,6.84
2026-09-07,000700,11.1,11.7,11.99,11.1,715407,837807095.62,8.02,5.41,0.6,7.79
2026-09-04,000700,11.89,11.1,11.97,11.02,537217,612723152.88,8.09,-5.45,-0.64,5.85
2026-09-03,000700,11.42,11.74,11.95,11.42,545666,640690698.91,4.64,2.8,0.32,5.94
2026-09-02,000700,11.3,11.42,11.71,11.16,354380,405944856.03,4.82,0.18,0.02,3.86
2026-09-01,000700,11.54,11.4,11.65,11.33,267536,306054526.5,2.78,-1.13,-0.13,2.91
